{"val_loss": [0.4362317361978179, 1.0770297177011074, 0.6473300094045075, 0.3364186703159822, 0.26447875073502186, 0.26497867437048334, 0.2994355339577744, 0.29589548956748496, 0.3109075575234504, 0.6747157017611924], "val_acc": [0.8603351872060552, 0.5418994358464992, 0.7318435927343102, 0.8268156328014822, 0.8715083692326892, 0.8715083775573602, 0.8603351765504762, 0.8659217823817077, 0.8547485980241658, 0.7932960950462512], "loss": [0.7406794522061694, 0.47726720837907416, 0.3852228463611789, 0.36010586811677037, 0.2628024706419287, 0.2652756131602732, 0.3580852695766774, 0.21416552150465923, 0.1654306893970547, 0.16061281200560779], "acc": [0.6424581005586593, 0.748603358948031, 0.8044692687482141, 0.85474860601585, 0.896648035036119, 0.8966480406968953, 0.8575418994413407, 0.918994407414058, 0.9413407729657669, 0.9357541876132262]}